City_ID,City,Lat,Lng,Max Temp,Humidity,Cloudiness,Wind Speed,Country,Date
0,san patricio,28.017,-97.5169,70.39,93,94,10.09,US,1675831130
1,busselton,-33.65,115.3333,82.53,44,0,8.59,AU,1675831130
2,caravelas,-17.7125,-39.2481,75.63,85,42,6.17,BR,1675831131
3,belaya gora,68.5333,146.4167,-43.82,99,75,3.24,RU,1675831131
4,angoram,-4.0625,144.0661,82.36,85,99,6.62,PG,1675831131
5,bluff,-46.6,168.3333,53.42,67,57,27.16,NZ,1675831132
6,kodiak,57.79,-152.4072,22.51,63,0,17.27,US,1675831034
7,klaksvik,62.2266,-6.589,45.5,85,100,57.27,FO,1675831132
8,samarai,-10.6167,150.6667,81.16,82,100,17.65,PG,1675831133
9,georgetown,5.4112,100.3354,85.95,66,20,6.91,MY,1675830845
10,tuktoyaktuk,69.4541,-133.0374,-22.0,69,100,3.44,CA,1675831031
11,punta arenas,-53.15,-70.9167,55.51,71,0,14.97,CL,1675831025
12,ushuaia,-54.8,-68.3,51.46,71,40,3.44,AR,1675831011
13,imeni babushkina,59.7573,43.1285,18.57,92,100,9.24,RU,1675831133
14,ancud,-41.8697,-73.8203,55.09,94,1,3.67,CL,1675831134
15,siniscola,40.5719,9.6922,47.75,67,99,8.1,IT,1675831134
16,altamira,-3.2033,-52.2064,72.0,99,99,2.57,BR,1675831135
17,albany,42.6001,-73.9662,33.35,78,84,3.74,US,1675830940
18,yar-sale,66.8333,70.8333,7.84,85,100,24.16,RU,1675831135
19,hermanus,-34.4187,19.2345,65.8,82,0,13.13,ZA,1675830967
20,chokurdakh,70.6333,147.9167,-34.24,99,100,4.07,RU,1675831018
21,namie,37.4833,141.0,45.01,61,90,7.52,JP,1675831136
22,port alfred,-33.5906,26.891,69.19,89,100,4.0,ZA,1675831022
23,yellowknife,62.456,-114.3525,-3.48,84,100,6.91,CA,1675831052
24,de-kastri,51.4667,140.7833,-0.13,87,100,4.79,RU,1675831136
25,marsh harbour,26.5412,-77.0636,71.58,63,0,17.56,BS,1675830958
26,asau,46.4333,26.4,22.12,96,99,5.12,RO,1675831137
27,beloha,-25.1667,45.05,76.6,67,100,7.38,MG,1675831049
28,popondetta,-8.7537,148.2534,85.69,68,100,5.32,PG,1675831137
29,ahipara,-35.1667,173.1667,70.63,63,23,8.12,NZ,1675831138
30,toamasina,-18.1667,49.3833,77.0,94,75,3.44,MG,1675831138
31,rikitea,-23.1203,-134.9692,79.66,71,61,8.99,PF,1675830762
32,akonolinga,3.7667,12.25,64.02,99,54,1.74,CM,1675831139
33,pringsewu,-5.3582,104.9744,89.28,55,94,2.73,ID,1675831139
34,sioux lookout,50.1001,-91.917,17.67,73,20,8.05,CA,1675831139
35,darhan,49.4867,105.9228,6.58,86,10,4.83,MN,1675831140
36,saskylakh,71.9167,114.0833,-28.16,99,100,1.83,RU,1675831140
37,xiaoshi,41.2971,124.1209,31.08,29,0,5.75,CN,1675831140
38,provideniya,64.3833,-173.3,-3.89,71,100,6.71,RU,1675831141
39,tuatapere,-46.1333,167.6833,52.11,77,65,15.19,NZ,1675831014
40,hobart,-42.8794,147.3294,62.62,65,75,13.8,AU,1675831071
41,oranjestad,12.524,-70.027,77.92,80,20,17.27,AW,1675831141
42,ponta do sol,32.6667,-17.1,57.76,72,33,7.38,PT,1675831143
43,vestmannaeyjar,63.4427,-20.2734,32.13,59,100,36.93,IS,1675831143
44,hilo,19.7297,-155.09,70.75,91,100,6.91,US,1675831052
45,tasiilaq,65.6145,-37.6368,-0.24,46,0,18.99,GL,1675831035
46,new norfolk,-42.7826,147.0587,64.45,44,7,1.99,AU,1675831048
47,fortuna,40.5982,-124.1573,45.91,91,75,0.0,US,1675831144
48,kapaa,22.0752,-159.319,74.59,85,75,16.11,US,1675831040
49,kavieng,-2.5744,150.7967,82.36,76,100,8.95,PG,1675831028
50,bandarbeyla,9.4942,50.8122,77.85,69,99,12.24,SO,1675831074
51,mataura,-46.1927,168.8643,55.17,62,56,11.83,NZ,1675831011
52,arraial do cabo,-22.9661,-42.0278,74.46,92,100,4.03,BR,1675831045
53,saint-philippe,-21.3585,55.7679,81.99,81,87,13.22,RE,1675831073
54,thompson,55.7435,-97.8558,1.56,85,75,2.3,CA,1675831021
55,quatre cocos,-20.2078,57.7625,80.1,76,55,15.64,MU,1675831146
56,beringovskiy,63.05,179.3167,-21.89,96,68,7.43,RU,1675831146
57,razole,16.4833,81.8333,85.1,46,100,1.43,IN,1675831147
58,kayunga,0.7025,32.8886,68.76,75,51,1.14,UG,1675831148
59,plastun,44.7561,136.2939,23.67,41,55,12.91,RU,1675831148
60,kashi,39.4547,75.9797,36.61,35,0,2.24,CN,1675831149
61,dakar,14.6937,-17.4441,67.08,79,85,18.39,SN,1675830909
62,ulaangom,49.9811,92.0667,-9.09,96,100,3.13,MN,1675831149
63,linxia,35.6003,103.2064,32.22,74,98,5.12,CN,1675831150
64,qaanaaq,77.484,-69.3632,-25.78,67,8,6.06,GL,1675831043
65,butaritari,3.0707,172.7902,81.37,81,100,21.36,KI,1675831017
66,jamestown,42.097,-79.2353,36.14,95,100,9.22,US,1675831030
67,kambove,-10.8764,26.5969,59.77,96,100,3.04,CD,1675831151
68,northam,51.0333,-4.2167,35.62,91,0,7.16,GB,1675831151
69,lichinga,-13.3128,35.2406,63.61,94,100,3.89,MZ,1675831152
70,nanortalik,60.1432,-45.2371,3.6,75,12,14.25,GL,1675831153
71,severo-yeniseyskiy,60.3725,93.0408,10.89,90,100,6.98,RU,1675831154
72,chokwe,-24.5333,32.9833,74.88,91,74,2.59,MZ,1675831154
73,vila velha,-20.3297,-40.2925,77.95,90,40,0.0,BR,1675830728
74,balibago,15.1624,120.5954,86.52,62,75,6.91,PH,1675831155
75,kruisfontein,-34.0033,24.7314,64.89,74,99,3.13,ZA,1675831155
76,cozumel,20.5083,-86.9458,78.87,83,20,9.22,MX,1675831053
77,zabid,14.1951,43.3152,75.54,74,75,5.59,YE,1675831156
78,padang,-0.9492,100.3543,84.25,59,91,4.92,ID,1675831021
79,troitskoye,52.9821,84.6757,13.12,91,100,6.67,RU,1675831157
80,tura,25.5198,90.2201,76.19,30,82,3.27,IN,1675830901
81,boyolangu,-8.1181,111.8935,79.83,80,100,1.5,ID,1675831158
82,saint-maximin-la-sainte-baume,43.4521,5.8622,33.03,69,3,4.92,FR,1675831158
83,saldanha,-33.0117,17.9442,62.65,86,0,8.81,ZA,1675831076
84,ilulissat,69.2167,-51.1,-16.58,76,75,5.75,GL,1675831159
85,coquimbo,-29.9533,-71.3436,64.13,88,100,5.75,CL,1675831159
86,berekum,7.4534,-2.584,71.58,89,59,3.31,GH,1675831160
87,atuona,-9.8,-139.0333,79.02,76,21,17.02,PF,1675831024
88,cidreira,-30.1811,-50.2056,74.88,82,6,13.8,BR,1675831161
89,sandpoint,48.2766,-116.5533,34.57,94,100,1.99,US,1675830986
90,dikson,73.5069,80.5464,-4.22,89,100,22.24,RU,1675831078
91,berlevag,70.8578,29.0864,33.33,64,20,29.93,NO,1675831101
92,nikolskoye,59.7035,30.7861,29.75,87,100,9.17,RU,1675831037
93,maceio,-9.6658,-35.7353,72.84,94,20,2.3,BR,1675831071
94,el tigre,8.8875,-64.2454,73.49,78,64,12.08,VE,1675831162
95,cape town,-33.9258,18.4232,68.94,76,20,11.99,ZA,1675831041
96,half moon bay,37.4636,-122.4286,49.51,77,0,4.61,US,1675831163
97,abha,18.2164,42.5053,46.65,87,0,0.0,SA,1675831164
98,laguna,38.421,-121.4238,47.91,79,0,0.0,US,1675831061
99,xining,36.6167,101.7667,34.14,58,95,3.04,CN,1675831164
100,avarua,-21.2078,-159.775,82.45,78,20,10.36,CK,1675831016
101,ust-nera,64.5667,143.2,-32.06,97,83,1.41,RU,1675831165
102,lata,40.1629,-8.3327,48.92,83,42,8.75,PT,1675831166
103,gogrial,8.5332,28.1004,68.83,23,1,6.64,SS,1675831099
104,mitsamiouli,-11.3847,43.2844,81.57,77,100,10.02,KM,1675831166
105,faya,18.3851,42.4509,46.92,44,17,3.15,SA,1675831167
106,rawson,-43.3002,-65.1023,64.58,58,1,4.76,AR,1675831065
107,barrow,71.2906,-156.7887,-2.18,78,100,6.91,US,1675831018
108,atambua,-9.1061,124.8925,81.61,73,60,5.66,ID,1675831168
109,upernavik,72.7868,-56.1549,-23.31,95,47,4.23,GL,1675831045
110,manta,-0.95,-80.7333,80.38,74,75,5.75,EC,1675831143
111,omboue,-1.5746,9.2618,76.98,89,100,4.99,GA,1675831169
112,mogadishu,2.0371,45.3438,76.87,88,75,8.05,SO,1675831169
113,chicama,-7.8447,-79.1469,70.34,76,60,3.96,PE,1675831169
114,bozeman,45.6796,-111.0386,31.68,71,75,8.05,US,1675831137
115,sinnamary,5.3833,-52.95,75.06,91,76,9.66,GF,1675831171
116,jatai,-17.8814,-51.7144,66.79,93,72,1.68,BR,1675831171
117,magistralnyy,56.1725,107.4458,9.57,90,100,5.17,RU,1675831171
118,manicore,-5.8092,-61.3003,72.37,99,87,2.01,BR,1675831172
119,longyearbyen,78.2186,15.6401,22.84,68,40,9.22,SJ,1675831066
120,vaini,-21.2,-175.2,77.16,100,75,5.75,TO,1675831063
121,newport,51.5877,-2.9984,31.89,90,2,3.33,GB,1675831174
122,cockburn town,21.4612,-71.1419,77.92,73,1,22.95,TC,1675831175
123,kutum,14.2,24.6667,50.43,33,17,9.64,SD,1675831163
124,nelson bay,-32.7167,152.15,80.24,67,33,18.01,AU,1675831176
125,ekuvukeni,-28.4675,30.1551,64.62,95,97,2.89,ZA,1675831177
126,komsomolskiy,40.4272,71.7189,38.12,75,92,4.61,UZ,1675831178
127,taganak,6.0833,118.3,80.74,77,100,5.06,PH,1675831178
128,knysna,-34.0363,23.0471,67.05,85,100,5.55,ZA,1675831178
129,bathsheba,13.2167,-59.5167,77.61,83,40,12.66,BB,1675831179
130,balkanabat,39.5108,54.3671,47.71,69,100,9.64,TM,1675831180
131,wufeng,27.45,104.8333,39.88,89,99,5.12,CN,1675831183
132,visby,57.6409,18.296,35.83,93,100,13.8,SE,1675831184
133,pevek,69.7008,170.3133,-22.67,98,100,3.83,RU,1675831019
134,lagoa,39.05,-27.9833,55.0,61,89,13.27,PT,1675831184
135,celina,40.5489,-84.5702,34.05,92,93,5.08,US,1675831184
136,khatanga,71.9667,102.5,-45.87,100,62,3.22,RU,1675831063
137,san cristobal,7.7669,-72.225,68.18,79,14,1.52,VE,1675831185
138,rio gallegos,-51.6226,-69.2181,57.25,72,0,19.57,AR,1675831185
139,kaitangata,-46.2817,169.8464,57.9,52,22,14.63,NZ,1675831044
140,ribeira grande,38.5167,-28.7,54.77,64,55,7.0,PT,1675831186
141,victoria,22.2855,114.1577,67.39,82,96,10.0,HK,1675830978
142,atar,20.5169,-13.0499,57.88,29,16,10.13,MR,1675831186
143,batemans bay,-35.7167,150.1833,71.1,80,100,1.41,AU,1675831186
144,yumbel,-37.0833,-72.5667,63.54,54,0,8.84,CL,1675831187
145,aljezur,37.3191,-8.8033,47.59,92,3,8.81,PT,1675831187
146,east london,-33.0153,27.9116,68.94,94,100,10.36,ZA,1675831068
147,bethel,41.3712,-73.414,34.57,84,75,0.0,US,1675831124
148,alofi,-19.0595,-169.9187,82.29,78,100,11.5,NU,1675831052
149,port elizabeth,-33.918,25.5701,66.0,93,40,8.05,ZA,1675831019
150,sobolevo,54.4299,31.8996,4.87,99,68,4.61,RU,1675831188
151,naze,28.3667,129.4833,63.52,64,85,15.21,JP,1675831188
152,bredasdorp,-34.5322,20.0403,66.43,78,5,7.99,ZA,1675831092
153,san quintin,30.4833,-115.95,57.61,50,0,1.97,MX,1675831189
154,puerto ayora,-0.7393,-90.3518,78.55,92,36,4.0,EC,1675831060
155,makakilo city,21.3469,-158.0858,75.0,70,20,17.27,US,1675831190
156,faanui,-16.4833,-151.75,80.89,72,24,11.61,PF,1675831053
157,sur,22.5667,59.5289,79.14,43,65,4.12,OM,1675831082
158,codrington,-38.2667,141.9667,65.77,62,51,13.96,AU,1675831044
159,mujiayingzi,42.1167,118.7833,31.1,17,26,6.51,CN,1675831190
160,college,64.8569,-147.8028,0.82,82,75,3.44,US,1675831157
161,narsaq,60.9167,-46.05,-5.58,66,22,9.44,GL,1675831191
162,basco,20.4487,121.9702,77.27,75,18,17.6,PH,1675831191
163,artyom,40.4723,50.333,37.54,71,98,33.71,AZ,1675831192
164,misratah,32.3754,15.0925,56.41,66,99,18.19,LY,1675831192
165,great bend,38.3645,-98.7648,26.73,74,0,0.0,US,1675831192
166,airai,-8.9266,125.4092,69.58,81,82,3.94,TL,1675831074
167,nkawkaw,6.5512,-0.7662,72.12,98,47,2.19,GH,1675831193
168,copiapo,-27.3667,-70.3333,62.29,63,47,1.39,CL,1675831193
169,haines junction,60.7522,-137.5108,24.75,80,45,3.44,CA,1675831194
170,santa maria,-29.6842,-53.8069,68.54,67,0,5.77,BR,1675831194
171,ribas do rio pardo,-20.4431,-53.7592,70.2,97,86,2.08,BR,1675831195
172,toul,48.6667,5.9167,26.29,78,0,6.91,FR,1675831195
173,margate,51.3813,1.3862,39.27,68,42,3.56,GB,1675831173
174,pangnirtung,66.1451,-65.7125,-28.62,82,5,5.79,CA,1675831195
175,tuzha,57.6062,47.936,11.32,92,99,10.31,RU,1675831196
176,yumen,40.2833,97.2,35.17,37,28,19.24,CN,1675831044
177,puro,12.4841,123.3827,82.71,66,100,13.04,PH,1675831196
178,esperance,-33.8667,121.9,72.14,64,63,13.62,AU,1675831196
179,yankton,42.8711,-97.3973,30.45,93,0,5.75,US,1675831197
180,la palma,33.8464,-118.0467,57.29,63,40,0.0,US,1675831197
181,hikone,35.25,136.25,48.87,68,66,14.16,JP,1675831198
182,termiz,37.2242,67.2783,44.69,57,20,6.91,UZ,1675831198
183,kodarma,24.4667,85.6,77.09,28,0,7.65,IN,1675831199
184,natchez,31.5604,-91.4032,64.22,94,100,10.36,US,1675831199
185,kenai,60.5544,-151.2583,23.31,81,100,16.11,US,1675831199
186,san andres,12.5847,-81.7006,80.62,78,40,16.11,CO,1675831200
187,bredy,52.4153,60.3411,-3.33,100,100,6.8,RU,1675831200
188,shingu,33.7333,135.9833,58.69,37,3,10.94,JP,1675831201
189,isla pucu,-25.3,-56.9,74.46,61,60,3.6,PY,1675831202
190,nanzhou,29.3596,112.4024,49.84,85,100,8.95,CN,1675831204
191,altay,47.8667,88.1167,23.43,70,100,2.77,CN,1675831204
192,ous,60.9058,61.5186,9.01,87,99,8.72,RU,1675831205
193,harindanga,22.0383,88.3214,82.69,43,0,11.99,IN,1675831205
194,qasigiannguit,68.8193,-51.1922,-16.35,99,98,4.7,GL,1675831206
195,geraldton,-28.7667,114.6,90.01,37,0,14.97,AU,1675831080
196,port-cartier,50.0334,-66.8654,22.42,94,100,5.12,CA,1675831206
197,nkan,0.3833,9.7833,71.37,95,81,2.21,GA,1675831207
198,mahebourg,-20.4081,57.7,80.89,78,40,11.5,MU,1675831073
199,vanavara,60.34,102.2797,7.02,93,100,4.07,RU,1675831072
200,tiznit,29.5833,-9.5,43.68,88,0,2.06,MA,1675831208
201,mersing,2.4312,103.8405,82.31,83,40,11.5,MY,1675831209
202,hovd,48.0056,91.6419,6.98,74,99,3.65,MN,1675831211
203,poum,-20.2333,164.0167,80.29,85,100,22.01,NC,1675831042
204,hamilton,39.1834,-84.5333,48.52,89,100,5.75,US,1675830993
205,hithadhoo,-0.6,73.0833,81.32,73,12,7.87,MV,1675831069
206,sungaipenuh,-2.0833,101.3833,79.34,39,78,5.64,ID,1675831212
207,aswan,24.0934,32.907,49.3,49,0,6.91,EG,1675831212
208,karratha,-20.7377,116.8463,95.58,39,42,16.4,AU,1675831064
209,gobabis,-22.45,18.9667,64.99,84,99,1.52,NA,1675831213
210,pinega,64.7001,43.3936,34.18,92,100,9.91,RU,1675831213
211,khani,41.9563,42.9566,27.97,95,100,2.37,GE,1675831214
212,imaculada,-7.3897,-37.5092,63.91,82,95,6.22,BR,1675831216
213,bengkulu,-3.8004,102.2655,85.28,56,79,10.02,ID,1675831018
214,salalah,17.0151,54.0924,69.89,56,0,2.3,OM,1675831217
215,nalut,30.3333,10.85,55.9,40,97,10.09,LY,1675831217
216,paamiut,61.994,-49.6678,4.26,77,90,12.5,GL,1675831218
217,bilibino,68.0546,166.4372,-36.18,100,100,1.7,RU,1675831218
218,vaitape,-16.5167,-151.75,80.87,72,24,11.41,PF,1675831219
219,parthenay,46.6667,-0.4167,31.95,90,3,8.97,FR,1675831219
220,nurobod,40.9056,69.8023,47.97,37,100,7.78,UZ,1675831220
221,vestmanna,62.1564,-7.1664,43.32,87,100,54.74,FO,1675831220
222,auki,-8.7676,160.7034,85.68,65,84,6.13,SB,1675831224
223,sivaki,52.6333,126.75,-3.71,76,17,6.51,RU,1675831224
224,maniitsoq,65.4167,-52.9,0.7,91,100,11.72,GL,1675831023
225,verkhnyaya inta,65.9811,60.3094,15.42,89,100,28.27,RU,1675831103
226,sept-iles,50.2001,-66.3821,22.26,79,100,21.85,CA,1675831225
227,touros,-5.1989,-35.4608,77.05,74,100,12.53,BR,1675831224
228,lampa,-33.2833,-70.9,66.42,60,0,2.3,CL,1675831227
229,kyshtovka,56.555,76.6271,-2.4,96,81,5.39,RU,1675831227
230,wainwright,52.839,-110.8572,23.49,98,99,4.05,CA,1675831228
231,linhares,-19.3911,-40.0722,72.88,95,90,1.7,BR,1675831228
232,kieta,-6.2167,155.6333,85.14,67,38,6.93,PG,1675831203
233,lavrentiya,65.5833,-171.0,-15.32,92,98,3.4,RU,1675831059
234,tiksi,71.6872,128.8694,-36.06,99,93,6.24,RU,1675831082
235,alcantara,-2.4089,-44.4147,79.0,91,100,4.65,BR,1675831229
236,sitka,57.0531,-135.33,35.49,80,75,0.0,US,1675831230
237,marsa matruh,31.3525,27.2453,44.8,93,75,5.75,EG,1675831230
238,tomatlan,19.9333,-105.25,63.93,89,0,3.02,MX,1675831231
239,los llanos de aridane,28.6585,-17.9182,52.12,77,20,8.99,ES,1675831231
240,vanimo,-2.6741,141.3028,77.56,94,100,10.54,PG,1675831232
241,cherskiy,68.75,161.3,-26.84,97,100,5.66,RU,1675831059
242,hobyo,5.3505,48.5268,79.14,64,91,15.99,SO,1675831232
243,mar del plata,-38.0023,-57.5575,72.45,97,100,20.0,AR,1675831233
244,tual,-5.6667,132.75,82.83,73,97,21.81,ID,1675831040
245,mount isa,-20.7333,139.5,91.17,49,40,6.91,AU,1675831234
246,feltre,46.0235,11.907,27.39,75,43,1.68,IT,1675831234
247,mackay,-21.15,149.2,81.68,83,90,24.14,AU,1675831235
248,mount gambier,-37.8333,140.7667,72.46,48,11,12.71,AU,1675831235
249,lazaro cardenas,17.9583,-102.2,72.68,85,0,3.65,MX,1675831065
250,nanakuli,21.3906,-158.1547,76.14,61,20,6.91,US,1675831236
251,santiago de cuba,20.0247,-75.8219,73.51,73,20,4.61,CU,1675831237
252,sidi ali,36.0998,0.4206,48.09,80,86,4.0,DZ,1675831238
253,kimbe,-5.5502,150.1429,76.95,97,100,3.83,PG,1675831238
254,norman wells,65.282,-126.8329,-11.16,77,75,4.61,CA,1675831087
255,awjilah,29.1081,21.2869,47.79,62,80,6.02,LY,1675831239
256,honningsvag,70.9821,25.9704,35.35,60,20,26.46,NO,1675831239
257,general roca,-39.0333,-67.5833,73.62,26,1,12.28,AR,1675831240
258,iseyin,7.9667,3.6,75.29,79,95,2.53,NG,1675831241
259,puerto del rosario,28.5004,-13.8627,53.35,76,0,6.91,ES,1675831241
260,marystown,47.1666,-55.1483,26.01,75,100,22.66,CA,1675831241
261,ust-kulom,61.6864,53.6902,17.06,95,100,8.25,RU,1675831242
262,avera,33.194,-82.5271,45.91,67,57,5.7,US,1675831075
263,muros,42.7762,-9.0603,39.9,82,24,15.39,ES,1675831243
264,palotina,-24.2839,-53.84,69.33,76,88,3.0,BR,1675831244
265,melnikovo,56.5558,84.085,8.83,92,97,5.66,RU,1675831244
266,hirara,24.8,125.2833,71.87,78,75,12.66,JP,1675831245
267,kihei,20.785,-156.4656,74.79,83,40,18.41,US,1675831174
268,ambikapur,23.1167,83.2,74.39,27,1,7.31,IN,1675831245
269,luebo,-5.35,21.4167,69.39,96,100,0.76,CD,1675831246
270,port hardy,50.6996,-127.4199,37.58,100,75,3.44,CA,1675831246
271,shangrao,28.4532,117.9686,49.98,93,100,8.77,CN,1675831246
272,aklavik,68.2191,-135.0107,-19.82,96,100,7.43,CA,1675831057
273,cabo san lucas,22.8909,-109.9124,68.27,41,87,5.32,MX,1675831162
274,ciudad bolivar,8.1222,-63.5497,75.74,77,33,11.36,VE,1675831247
275,cartagena,10.3997,-75.5144,78.42,78,0,6.91,CO,1675831248
276,gornopravdinsk,60.05,69.9,-7.69,100,100,4.25,RU,1675831248
277,constitucion,-35.3333,-72.4167,60.76,63,0,8.23,CL,1675831168
278,nome,64.5011,-165.4064,-12.93,84,0,0.0,US,1675831249
279,borogontsy,62.6683,131.1683,-32.3,93,100,0.4,RU,1675831249
280,beyneu,45.3167,55.2,26.29,60,100,22.79,KZ,1675831249
281,riyadh,24.6877,46.7219,53.74,38,16,5.79,SA,1675831250
282,nouadhibou,20.931,-17.0347,58.98,67,0,19.57,MR,1675831056
283,sedkyrkeshch,61.75,50.9167,19.67,93,75,8.95,RU,1675831250
284,mehamn,71.0357,27.8492,31.95,69,0,27.63,NO,1675831251
285,starogard gdanski,53.964,18.5264,28.72,93,89,6.6,PL,1675831251
286,flin flon,54.7682,-101.865,18.73,92,27,7.34,CA,1675831251
287,soe,-9.8607,124.284,77.2,78,18,5.08,ID,1675830967
288,savyntsi,49.4026,37.0627,14.92,87,6,12.06,UA,1675831252
289,tabou,4.423,-7.3528,78.46,86,100,6.08,CI,1675831252
290,bluefields,12.0137,-83.7635,74.73,92,44,10.11,NI,1675831253
291,vrangel,42.7297,133.0839,27.41,42,3,15.23,RU,1675831253
292,axim,4.8699,-2.2405,77.04,87,99,4.03,GH,1675831138
293,lerwick,60.1545,-1.1494,44.6,74,100,33.08,GB,1675831254
294,zaozerne,45.1582,33.2787,29.46,67,100,24.11,UA,1675831254
295,pisco,-13.7,-76.2167,73.45,83,0,9.22,PE,1675830979
296,muravlenko,63.7898,74.523,-9.22,98,92,10.69,RU,1675831255
297,bose,45.4612,8.0137,27.52,72,7,4.65,IT,1675831255
298,fairbanks,64.8378,-147.7164,2.08,81,100,3.44,US,1675831037
299,yaan,7.3833,8.5667,74.17,41,38,4.34,NG,1675831255
300,izhma,65.0083,53.9113,27.21,93,100,9.48,RU,1675831256
301,puerto baquerizo moreno,-0.9,-89.6,77.25,83,29,5.17,EC,1675831256
302,fukue,32.6881,128.8419,57.56,54,40,13.8,JP,1675831257
303,hailey,43.5196,-114.3153,22.62,79,75,8.05,US,1675831257
304,belen,36.4891,36.2233,30.85,56,90,5.82,TR,1675831257
305,wageningen,51.9667,5.6667,27.79,88,78,5.75,NL,1675831258
306,isangel,-19.55,169.2667,80.92,78,96,4.18,VU,1675831096
307,biloela,-24.4167,150.5,90.18,31,66,14.9,AU,1675830972
308,kahului,20.8947,-156.47,74.28,82,40,18.41,US,1675830844
309,husavik,66.0449,-17.3389,23.23,75,90,17.2,IS,1675831258
310,keffi,8.8486,7.8736,72.55,21,43,3.96,NG,1675831259
311,ures,29.4333,-110.4,55.18,18,0,7.7,MX,1675831259
312,kodino,63.7198,39.6447,31.71,96,100,7.25,RU,1675831259
313,maryborough,-25.5333,152.7,84.16,45,57,13.35,AU,1675830994
314,alekseyevsk,57.8406,108.3492,8.44,91,100,5.01,RU,1675831260
315,atherton,53.5237,-2.4935,37.02,90,58,3.0,GB,1675831260
316,nemuro,43.3236,145.575,26.24,58,23,2.95,JP,1675831261
317,pitimbu,-7.4706,-34.8086,75.79,77,99,8.28,BR,1675831261
318,zhuhai,22.2769,113.5678,66.7,77,40,8.05,CN,1675831261
319,chuy,-33.6971,-53.4616,68.16,86,12,6.11,UY,1675831056
320,taybad,34.74,60.7756,53.89,54,6,14.7,IR,1675831262
321,emba,48.8264,58.1442,5.86,90,40,14.54,KZ,1675831263
322,port blair,11.6667,92.75,84.24,61,40,9.22,IN,1675831102
323,wundanyi,-3.4019,38.364,65.91,70,50,3.13,KE,1675831264
324,saint george,37.1041,-113.5841,42.55,52,0,5.75,US,1675831265
325,bonnyville,54.2668,-110.735,28.2,99,64,4.9,CA,1675831265
326,george town,5.4112,100.3354,85.95,66,20,6.91,MY,1675831259
327,santa rosa,14.3122,121.1114,87.15,66,100,14.76,PH,1675831084
328,camacupa,-12.0167,17.4833,61.09,80,100,0.98,AO,1675831267
329,zhigansk,66.7697,123.3711,-43.82,96,100,6.8,RU,1675831103
330,filingue,14.3521,3.3168,71.67,14,93,10.07,NE,1675831267
331,ganzhou,28.8184,115.4327,52.41,92,96,5.19,CN,1675831268
332,road town,18.4167,-64.6167,75.29,72,13,19.57,VG,1675831254
333,itarema,-2.9248,-39.9167,76.82,82,100,9.06,BR,1675831042
334,north bend,43.4065,-124.2243,44.47,53,100,0.0,US,1675831269
335,flagstaff,35.1981,-111.6513,24.06,59,0,3.44,US,1675831014
336,tairua,-37.0167,175.85,72.66,65,56,10.96,NZ,1675831270
337,tyukhtet,56.5389,89.3011,11.68,90,100,8.55,RU,1675831271
338,nantucket,41.2835,-70.0995,35.89,82,100,12.66,US,1675831090
339,flinders,-34.5833,150.8552,70.57,90,100,3.0,AU,1675831272
340,namibe,-15.1961,12.1522,69.01,78,96,5.82,AO,1675831272
341,ngunguru,-35.6167,174.5,71.78,59,58,2.06,NZ,1675831273
342,cardston,49.2,-113.3019,35.65,60,58,5.75,CA,1675831034
343,capoterra,39.1763,8.9718,47.61,58,40,6.91,IT,1675831274
344,henties bay,-22.116,14.2845,63.9,91,56,4.12,NA,1675831275
345,castro alves,-12.7656,-39.4283,68.4,94,5,3.27,BR,1675831275
346,sibolga,1.7427,98.7792,84.79,55,100,3.0,ID,1675831276
347,bambous virieux,-20.3428,57.7575,80.85,78,40,11.5,MU,1675831043
348,mukhen,48.1,136.1,2.44,64,8,9.01,RU,1675831276
349,buarcos,40.166,-8.8768,43.14,78,69,12.35,PT,1675831277
350,luderitz,-26.6481,15.1594,64.81,82,22,15.61,NA,1675831034
351,vikulovo,56.8167,70.6107,-8.41,100,91,3.0,RU,1675831277
352,clyde river,70.4692,-68.5914,-32.57,68,0,4.61,CA,1675831097
353,tessalit,20.1986,1.0114,65.75,15,63,9.1,ML,1675831084
354,sabla,12.7525,4.7077,70.32,18,99,12.19,NG,1675831278
355,hasaki,35.7333,140.8333,52.2,67,100,18.77,JP,1675831199
356,sao joao da barra,-21.6403,-41.0511,73.87,94,100,3.69,BR,1675831278
357,olafsvik,64.8945,-23.7142,27.86,52,100,28.36,IS,1675831207
358,san cosme y damian,-27.3167,-56.35,80.78,43,39,5.26,PY,1675831279
359,ellisras,-23.6649,27.7443,71.96,62,62,5.86,ZA,1675831280
360,tarrafal,15.2833,-23.7667,66.99,69,10,18.86,CV,1675831281
361,victor harbor,-35.5667,138.6167,69.01,76,16,1.01,AU,1675831281
362,roald,62.5833,6.1333,46.54,49,88,19.57,NO,1675831282
363,brownwood,31.7093,-98.9912,42.55,92,100,12.66,US,1675831283
364,fomboni,-12.28,43.7425,82.26,74,100,14.16,KM,1675831283
365,raub,3.7899,101.857,89.71,61,86,2.86,MY,1675831284
366,rzeszow,50.0413,21.999,28.42,93,75,12.66,PL,1675831030
367,bull savanna,17.8868,-77.5902,70.16,83,1,6.08,JM,1675831284
368,antofagasta,-23.65,-70.4,69.08,83,88,4.59,CL,1675831237
369,gat,31.61,34.7642,45.16,100,47,13.73,IL,1675831095
370,puerto ayacucho,5.6639,-67.6236,77.45,69,55,3.2,VE,1675831285
371,loanda,-8.8368,13.2343,77.0,83,75,5.75,AO,1675831286
372,salamanca,40.8333,-6.0,35.22,91,11,11.74,ES,1675831286
373,pemangkat,1.1667,108.9667,81.79,76,95,6.71,ID,1675831287
374,great yarmouth,52.6083,1.7305,30.34,89,8,6.17,GB,1675831287
375,port macquarie,-31.4333,152.9167,78.89,60,63,10.02,AU,1675831264
376,sukhothai,17.25,99.6667,85.89,51,4,4.61,TH,1675831288
377,port lincoln,-34.7333,135.8667,76.59,51,46,10.69,AU,1675831289
378,namatanai,-3.6667,152.4333,84.43,67,89,10.11,PG,1675831076
379,grand forks,47.9417,-97.4337,35.51,75,0,8.05,US,1675831289
380,mandiana,10.6333,-8.6833,76.57,24,7,4.54,GN,1675831290
381,cayenne,4.9333,-52.3333,77.04,94,100,4.61,GF,1675831014
382,arica,-18.475,-70.3042,71.83,78,0,2.3,CL,1675831235
383,placido de castro,-10.3353,-67.1856,72.99,98,100,2.64,BR,1675831291
384,castro,-24.7911,-50.0119,60.53,96,43,4.83,BR,1675831050
385,tautira,-17.7333,-149.15,80.22,62,6,5.5,PF,1675831081
386,vetluga,57.8557,45.781,12.42,93,98,8.79,RU,1675831292
387,killybegs,54.6333,-8.45,45.59,87,55,17.49,IE,1675831292
388,baherden,38.4362,57.4316,52.81,50,92,6.49,TM,1675831292
389,khasan,42.4308,130.6434,29.86,42,3,17.65,RU,1675831293
390,burnie,-41.0667,145.9167,63.95,88,97,8.12,AU,1675831294
391,shakawe,-18.3667,21.85,66.58,96,100,4.94,BW,1675831127
392,kifri,34.6959,44.9661,45.99,86,100,3.51,IQ,1675831295
393,kerema,-7.9631,145.7785,79.2,83,100,3.8,PG,1675831296
394,dudinka,69.4058,86.1778,-13.09,100,95,5.44,RU,1675831070
395,severnyy,50.677,36.5532,7.92,84,0,7.0,RU,1675831296
396,quelimane,-17.8786,36.8883,76.95,94,40,0.0,MZ,1675831297
397,kloulklubed,7.0419,134.2556,84.7,76,100,18.48,PW,1675831298
398,tocopilla,-22.092,-70.1979,72.59,82,23,2.1,CL,1675831298
399,waipawa,-41.4122,175.5153,65.66,64,17,3.22,NZ,1675831298
400,nizwa,22.9333,57.5333,73.27,36,38,2.68,OM,1675831299
401,charyshskoye,51.3978,83.5598,17.78,91,100,1.61,RU,1675831299
402,leningradskiy,69.3833,178.4167,-25.87,95,100,4.97,RU,1675831300
403,lorengau,-2.0226,147.2712,78.87,90,100,18.05,PG,1675831300
404,batticaloa,7.7102,81.6924,80.89,76,68,10.42,LK,1675831301
405,kavaratti,10.5669,72.642,80.22,71,95,12.91,IN,1675831301
406,gwembe,-16.4975,27.6069,62.92,94,94,3.71,ZM,1675831301
407,concepcion del oro,24.6333,-101.4167,57.27,18,67,4.56,MX,1675831302
408,yulara,-25.2406,130.9889,101.68,14,0,12.35,AU,1675831105
409,roma,43.2128,-75.4557,39.11,82,99,1.01,US,1675831191
410,howard springs,-12.497,131.047,91.85,76,64,9.55,AU,1675831302
411,portland,45.5234,-122.6762,42.39,89,0,4.0,US,1675831012
412,shelburne,44.0787,-80.2041,32.79,96,99,13.71,CA,1675831303
413,madang,-5.2246,145.7966,84.9,76,97,7.54,PG,1675831303
414,cananeia,-25.0147,-47.9267,73.36,89,28,2.21,BR,1675831304
415,beidao,34.5686,105.8933,44.22,69,99,1.61,CN,1675831304
416,porosozero,62.7191,32.727,29.88,97,100,6.85,RU,1675831304
417,callaguip,18.0714,120.4867,86.02,74,20,8.05,PH,1675831305
418,kyabe,9.4515,18.9449,72.79,19,7,5.66,TD,1675831305
419,strezhevoy,60.7333,77.5889,-13.95,99,73,4.94,RU,1675831305
420,alugan,12.2188,125.4808,81.39,70,100,14.81,PH,1675831306
421,ostrovnoy,68.0531,39.5131,28.02,82,11,20.29,RU,1675831290
422,kuytun,54.3419,101.5036,9.52,86,100,4.05,RU,1675831306
423,bambanglipuro,-7.95,110.2833,80.51,78,100,2.3,ID,1675831306
424,torbay,47.6666,-52.7314,26.31,85,75,25.32,CA,1675831185
425,saint anthony,45.0205,-93.218,26.82,80,0,6.91,US,1675831026
426,ardakan,32.31,54.0175,56.21,31,0,13.44,IR,1675831307
427,mandalgarh,25.2,75.1,71.11,25,0,1.86,IN,1675831307
428,honiara,-9.4333,159.95,83.73,74,100,6.8,SB,1675831308
429,castilho,-20.8722,-51.4875,69.21,88,89,3.33,BR,1675831308
430,skibbereen,51.55,-9.2667,48.11,89,93,10.58,IE,1675831309
431,tilichiki,60.4667,166.1,-21.15,90,56,9.8,RU,1675831309
432,talnakh,69.4865,88.3972,-9.22,97,97,7.2,RU,1675831016
433,lamu,-2.2717,40.902,77.22,83,44,10.09,KE,1675831310
434,coatepec,19.45,-96.9667,60.78,70,0,4.52,MX,1675831310
435,hambantota,6.1241,81.1185,84.54,79,20,12.66,LK,1675831310
436,suibara,37.8333,139.2333,42.71,65,75,6.91,JP,1675831311
437,hvide sande,56.0045,8.1294,36.09,92,100,13.94,DK,1675831311
438,valparaiso,-33.0393,-71.6273,60.44,94,0,6.91,CL,1675831311
439,lahad datu,5.0268,118.327,77.41,87,100,1.01,MY,1675831103
440,katsuura,35.1333,140.3,49.77,70,98,17.9,JP,1675831069
441,lebu,-37.6167,-73.65,58.32,89,0,16.49,CL,1675831048
442,taltal,-25.4,-70.4833,69.06,84,21,1.86,CL,1675831222
443,moscow,55.7522,37.6156,19.8,92,63,7.78,RU,1675831188
444,pasni,25.2631,63.471,71.83,54,20,4.56,PK,1675831312
445,karasjok,69.4719,25.5112,30.36,71,67,22.46,NO,1675831313
446,ketchikan,55.3422,-131.6461,34.63,96,100,3.89,US,1675831313
447,skaudvile,55.4167,22.6167,29.93,93,99,7.34,LT,1675831313
448,wajir,1.7471,40.0573,75.16,73,0,5.75,KE,1675831314
449,san miguel,13.4833,-88.1833,73.78,70,10,2.15,SV,1675831314
450,homer,59.6425,-151.5483,24.69,68,75,17.27,US,1675831315
451,guarapari,-20.6667,-40.4975,77.9,94,100,2.3,BR,1675831315
452,broken hill,-31.95,141.4333,89.53,13,0,12.21,AU,1675831315
453,gwanda,-20.9333,29.0,71.04,63,29,6.67,ZW,1675831316
454,ambon,-3.6954,128.1814,89.74,58,20,12.66,ID,1675831316
455,guerrero negro,27.9769,-114.0611,60.08,33,0,2.44,MX,1675831238
456,chhibramau,27.1483,79.4979,69.1,35,0,8.79,IN,1675831316
457,takoradi,4.8845,-1.7554,77.49,87,96,4.79,GH,1675831317
458,katobu,-4.9408,122.5276,89.08,53,82,6.11,ID,1675831317
459,barranca,-10.75,-77.7667,72.57,82,26,4.99,PE,1675831318
460,alice springs,-23.7,133.8833,94.55,29,40,12.66,AU,1675831084
461,mazara del vallo,37.6641,12.588,42.33,88,100,19.15,IT,1675831318
462,nuuk,64.1835,-51.7216,8.98,94,100,9.37,GL,1675831318
463,mabay,6.0577,124.4666,81.25,74,100,4.0,PH,1675831319
464,jieshi,22.8134,115.8257,68.14,72,47,22.97,CN,1675831319
465,deming,32.2687,-107.7586,35.49,69,0,4.61,US,1675831320
466,mertzig,49.8339,6.0075,24.75,73,45,1.01,LU,1675831320
467,vila franca do campo,37.7167,-25.4333,54.01,75,86,11.32,PT,1675831020
468,bitkine,11.9801,18.2138,68.23,21,40,7.02,TD,1675831321
469,derzhavinsk,51.1,66.3167,1.2,98,97,8.5,KZ,1675831321
470,spasskoye,44.6108,132.7969,12.74,83,88,5.14,RU,1675831322
471,praia,14.9215,-23.5087,66.74,63,75,18.41,CV,1675831321
472,iqaluit,63.7506,-68.5145,-27.67,75,75,2.3,CA,1675831073
473,aransas pass,27.9095,-97.15,69.04,94,40,13.8,US,1675831324
474,along,28.1667,94.7667,58.17,84,100,1.43,IN,1675831324
475,zhaotong,27.3167,103.7167,53.22,43,48,2.77,CN,1675831325
476,yarim,14.298,44.3779,54.82,52,68,1.23,YE,1675831326
477,marawi,7.9986,124.2928,78.46,61,78,8.16,PH,1675831327
478,loikaw,19.6742,97.2094,82.11,13,1,3.13,MM,1675831327
479,lahaina,20.8783,-156.6825,75.27,88,21,13.06,US,1675831328
480,xuddur,4.1213,43.8894,73.0,64,1,20.42,SO,1675831328
481,sabha,27.0377,14.4283,51.21,42,97,14.0,LY,1675831329
482,trelew,-43.249,-65.3051,64.9,51,1,4.85,AR,1675831330
483,skelleftea,64.7507,20.9528,28.76,93,59,9.22,SE,1675831330
484,rantepao,-2.9701,119.8978,83.41,55,95,2.44,ID,1675831331
485,houma,29.5958,-90.7195,66.06,92,65,1.99,US,1675831137
486,luanda,-8.8368,13.2343,77.0,83,75,5.75,AO,1675831331
487,olney,39.1532,-77.0669,43.02,75,0,0.0,US,1675831332
488,yamada,39.4667,141.95,35.96,73,100,7.02,JP,1675831333
489,wattegama,6.7989,81.4808,84.43,59,80,9.73,LK,1675831333
490,souillac,-20.5167,57.5167,80.98,78,40,11.5,MU,1675831094
491,pangody,65.85,74.4859,-1.03,91,89,14.97,RU,1675831334
492,byron bay,-28.65,153.6167,82.94,56,90,10.67,AU,1675831129
493,raga,8.4596,25.678,66.29,23,9,6.35,SS,1675831335
494,bowen,-20.0167,148.2333,83.98,74,100,20.76,AU,1675831288
495,nuevo progreso,23.1667,-97.95,68.9,77,57,7.61,MX,1675831335
496,mabaruma,8.2,-59.7833,70.38,99,28,2.19,GY,1675831336
497,camacha,33.0833,-16.3333,51.22,87,40,5.75,PT,1675831337
498,nhulunbuy,-12.2333,136.7667,84.81,79,40,8.05,AU,1675831097
499,esso,55.9333,158.7,8.15,95,100,1.21,RU,1675831338
500,bodden town,19.2833,-81.25,77.7,91,20,19.57,KY,1675831338
501,kikwit,-5.041,18.8162,69.55,85,97,3.2,CD,1675831339
502,makokou,0.5738,12.8642,69.15,97,89,2.39,GA,1675831339
503,haikou,20.0458,110.3417,80.73,65,40,11.18,CN,1675831341
504,duayaw nkwanta,7.1724,-2.1028,70.03,95,86,2.26,GH,1675831341
505,westport,41.1415,-73.3579,37.8,91,100,5.99,US,1675831342
506,harper,4.375,-7.7169,78.51,84,93,6.82,LR,1675831064
507,salinopolis,-0.6136,-47.3561,77.63,87,100,8.23,BR,1675831343
508,fort nelson,58.8053,-122.7002,11.79,92,0,2.3,CA,1675831060
509,jackson,42.4165,-122.8345,40.98,80,20,3.44,US,1675831343
510,goya,-29.14,-59.2626,79.2,32,0,7.27,AR,1675831344
511,karwar,14.8,74.1333,84.13,37,86,0.36,IN,1675831345
512,neiafu,-18.65,-173.9833,83.08,83,75,4.61,TO,1675831346
513,bristol,41.8334,-71.1662,33.73,85,100,4.0,US,1675831347
514,port arthur,38.8,121.2667,35.82,36,0,8.21,CN,1675831347
515,jardim,-21.4803,-56.1381,70.36,98,37,3.56,BR,1675831348
516,la ronge,55.1001,-105.2842,28.65,46,0,9.22,CA,1675831055
517,santa vitoria do palmar,-33.5189,-53.3681,68.58,86,19,6.29,BR,1675831068
518,velikiy ustyug,60.7644,46.3106,23.13,94,100,9.04,RU,1675831173
519,hofn,64.2539,-15.2082,30.61,65,100,16.4,IS,1675831089
520,rudozem,41.4833,24.85,18.46,69,4,4.32,BG,1675831349
521,tete,-16.1564,33.5867,73.49,100,40,0.0,MZ,1675831350
522,severobaykalsk,55.65,109.3167,6.21,82,93,1.83,RU,1675831350
523,severo-kurilsk,50.6789,156.125,23.68,75,25,10.65,RU,1675831058
524,grand-santi,4.25,-54.3833,70.65,100,47,2.19,GF,1675831039
525,moussoro,13.6408,16.4901,64.44,25,100,13.87,TD,1675831351
526,tiko,4.0745,9.3699,78.64,85,86,1.19,CM,1675831352
527,bilma,18.6853,12.9164,64.04,24,100,8.03,NE,1675831069
528,presidencia roque saenz pena,-26.7852,-60.4388,81.21,38,40,6.17,AR,1675831352
529,goksun,38.021,36.4973,7.36,92,90,7.54,TR,1675831353
530,pacific grove,36.6177,-121.9166,47.97,91,0,5.75,US,1675831189
531,saint-georges,12.0564,-61.7485,76.68,83,75,10.36,GD,1675831354
532,alghero,40.5589,8.3181,35.69,87,0,6.91,IT,1675831354
533,tucurui,-3.7661,-49.6725,72.16,98,100,2.73,BR,1675831274
534,sol-iletsk,51.1631,54.9918,-1.52,100,81,6.24,RU,1675831355
535,san jose,37.3394,-121.895,49.35,74,0,8.05,US,1675831178
536,woodhaven,42.1389,-83.2416,37.42,75,100,12.66,US,1675831355
537,mecca,21.4267,39.8261,61.95,56,58,11.99,SA,1675831356
538,carndonagh,55.25,-7.2667,41.76,92,53,15.23,IE,1675831356
539,mahabad,36.7631,45.7222,27.19,86,100,10.51,IR,1675831357
540,mimarsinan,41.0032,28.5377,31.59,69,61,20.62,TR,1675831357
541,preobrazheniye,42.9019,133.9064,27.99,40,16,11.52,RU,1675831038
